experience_years,price,duration_hours,interest,education_level,formation_category,has_java,has_spring,has_sql,has_python,has_management,label
5,809,22,MANAGEMENT,LICENCE,BUSINESS,0,0,1,0,0,0
10,321,20,LANGUAGES,INGENIEUR,LANGUES,1,0,0,0,1,1
15,365,21,BACKEND,MASTER,BUSINESS,0,1,1,1,0,0
7,393,29,MANAGEMENT,LICENCE,BUSINESS,0,1,0,1,1,1
7,163,30,MANAGEMENT,INGENIEUR,DATA_SCIENCE,1,0,1,1,1,0
8,197,19,DATA,INGENIEUR,DATA_SCIENCE,0,0,1,1,1,1
15,564,36,BACKEND,MASTER,BUSINESS,0,1,0,1,1,0
12,757,34,DATA,INGENIEUR,INFORMATIQUE,1,1,0,1,0,0
5,444,13,BACKEND,LICENCE,INFORMATIQUE,1,1,0,0,0,1
8,424,15,LANGUAGES,LICENCE,LANGUES,0,0,1,1,1,1
8,314,15,LANGUAGES,MASTER,LANGUES,0,1,0,0,1,1
2,798,42,OTHER,LICENCE,BUSINESS,1,1,1,1,1,0
10,335,12,LANGUAGES,INGENIEUR,LANGUES,1,1,0,1,0,1
14,837,34,LANGUAGES,LICENCE,DATA_SCIENCE,1,0,0,0,0,0
5,863,21,OTHER,LICENCE,DATA_SCIENCE,0,0,0,1,1,1
0,854,32,MANAGEMENT,LICENCE,INFORMATIQUE,1,0,0,1,0,0
7,169,15,LANGUAGES,LICENCE,BUSINESS,0,1,0,1,0,0
4,476,16,DATA,LICENCE,DATA_SCIENCE,1,1,1,1,1,1
4,467,22,MANAGEMENT,MASTER,BUSINESS,1,1,1,0,1,1
3,322,28,DATA,INGENIEUR,DATA_SCIENCE,0,1,1,1,1,1
10,459,26,MANAGEMENT,MASTER,BUSINESS,0,0,0,1,1,1
9,474,8,DATA,INGENIEUR,INFORMATIQUE,1,0,0,1,0,0
8,157,27,LANGUAGES,LICENCE,BUSINESS,1,1,0,0,0,0
11,282,33,MANAGEMENT,LICENCE,LANGUES,1,0,1,0,1,0
8,285,12,LANGUAGES,MASTER,INFORMATIQUE,1,0,0,0,0,0
2,373,16,BACKEND,LICENCE,INFORMATIQUE,1,1,0,0,1,1
4,262,28,MANAGEMENT,LICENCE,BUSINESS,0,0,1,1,1,1
10,406,22,MANAGEMENT,LICENCE,BUSINESS,0,0,1,1,1,1
5,327,25,MANAGEMENT,MASTER,BUSINESS,0,0,1,0,1,0
3,436,16,DATA,LICENCE,DATA_SCIENCE,0,0,1,1,1,1
3,131,27,MANAGEMENT,LICENCE,INFORMATIQUE,0,0,0,1,0,0
3,573,9,DATA,LICENCE,DATA_SCIENCE,0,0,0,0,0,0
7,250,30,BACKEND,MASTER,INFORMATIQUE,1,1,0,0,0,1
1,675,14,BACKEND,LICENCE,INFORMATIQUE,1,0,1,0,1,0
2,583,12,OTHER,MASTER,INFORMATIQUE,0,1,1,1,1,0
8,245,13,MANAGEMENT,INGENIEUR,BUSINESS,1,0,1,1,1,1
8,511,23,OTHER,LICENCE,BUSINESS,1,0,1,1,0,0
15,795,20,OTHER,LICENCE,DATA_SCIENCE,1,0,0,0,1,1
5,709,19,LANGUAGES,LICENCE,INFORMATIQUE,0,1,0,0,1,0
8,788,39,BACKEND,LICENCE,INFORMATIQUE,1,0,0,0,1,1
3,243,25,LANGUAGES,LICENCE,LANGUES,0,0,1,1,0,1
6,232,28,DATA,LICENCE,DATA_SCIENCE,1,1,1,1,1,1
2,265,14,LANGUAGES,INGENIEUR,DATA_SCIENCE,0,1,1,1,1,0
2,254,27,MANAGEMENT,MASTER,BUSINESS,1,0,0,0,1,1
2,367,42,OTHER,MASTER,LANGUES,0,1,0,0,1,0
2,294,21,DATA,LICENCE,DATA_SCIENCE,1,1,1,1,1,1
5,309,13,LANGUAGES,LICENCE,LANGUES,1,1,0,0,0,1
10,504,14,DATA,INGENIEUR,DATA_SCIENCE,0,0,1,1,0,1
6,345,36,OTHER,MASTER,INFORMATIQUE,0,0,1,1,0,0
3,401,24,BACKEND,LICENCE,INFORMATIQUE,1,1,0,0,1,1
5,513,23,BACKEND,MASTER,INFORMATIQUE,1,1,0,0,0,0
3,458,17,BACKEND,LICENCE,INFORMATIQUE,1,1,1,1,1,1
8,314,30,LANGUAGES,INGENIEUR,LANGUES,0,1,1,0,1,0
2,611,33,MANAGEMENT,LICENCE,LANGUES,0,0,0,0,1,0
3,352,25,BACKEND,LICENCE,INFORMATIQUE,1,1,0,1,0,1
4,569,8,OTHER,MASTER,BUSINESS,1,1,1,0,0,0
1,198,23,MANAGEMENT,LICENCE,INFORMATIQUE,0,1,0,1,1,0
11,291,10,DATA,MASTER,DATA_SCIENCE,0,0,0,1,0,1
0,626,28,BACKEND,MASTER,BUSINESS,0,0,1,0,1,0
15,851,16,OTHER,INGENIEUR,BUSINESS,0,1,1,0,1,0
13,297,21,DATA,MASTER,LANGUES,1,1,0,0,0,0
2,279,17,LANGUAGES,INGENIEUR,LANGUES,1,1,0,1,0,1
9,310,25,MANAGEMENT,LICENCE,BUSINESS,1,1,0,1,1,1
13,538,10,DATA,LICENCE,LANGUES,1,0,1,0,1,0
11,313,15,BACKEND,INGENIEUR,INFORMATIQUE,1,1,1,0,1,1
10,604,38,OTHER,INGENIEUR,LANGUES,1,1,1,1,1,0
11,363,28,DATA,LICENCE,DATA_SCIENCE,0,0,1,1,0,1
12,175,26,MANAGEMENT,INGENIEUR,DATA_SCIENCE,0,0,0,1,0,0
6,508,23,MANAGEMENT,INGENIEUR,BUSINESS,0,1,1,0,1,0
10,210,26,DATA,LICENCE,DATA_SCIENCE,0,1,1,1,0,1
10,423,17,BACKEND,MASTER,INFORMATIQUE,1,1,0,1,1,1
15,485,33,LANGUAGES,INGENIEUR,LANGUES,1,1,0,1,1,1
13,185,24,LANGUAGES,INGENIEUR,INFORMATIQUE,1,0,0,0,1,0
13,460,24,MANAGEMENT,MASTER,DATA_SCIENCE,1,0,0,1,1,0
7,396,20,MANAGEMENT,LICENCE,BUSINESS,0,0,1,1,1,1
6,489,18,LANGUAGES,MASTER,LANGUES,0,0,1,1,1,0
5,436,17,DATA,LICENCE,DATA_SCIENCE,0,0,1,1,1,1
2,385,12,DATA,MASTER,DATA_SCIENCE,0,0,1,1,0,1
9,322,12,LANGUAGES,LICENCE,LANGUES,1,1,0,1,1,1
14,658,9,LANGUAGES,LICENCE,LANGUES,1,1,0,0,1,1
11,367,24,LANGUAGES,INGENIEUR,LANGUES,0,0,1,1,1,1
0,451,34,MANAGEMENT,MASTER,DATA_SCIENCE,0,1,0,0,1,0
3,312,17,LANGUAGES,LICENCE,LANGUES,1,1,0,1,0,1
10,224,20,LANGUAGES,INGENIEUR,LANGUES,0,0,1,1,0,1
7,572,11,MANAGEMENT,MASTER,BUSINESS,0,1,1,0,0,0
3,486,22,LANGUAGES,INGENIEUR,LANGUES,0,0,0,1,1,1
5,199,27,MANAGEMENT,MASTER,BUSINESS,0,1,1,1,1,1
5,437,16,MANAGEMENT,MASTER,BUSINESS,1,0,1,0,1,1
13,599,8,BACKEND,LICENCE,BUSINESS,0,1,1,0,1,0
15,143,31,MANAGEMENT,INGENIEUR,BUSINESS,0,0,1,1,1,1
12,724,46,LANGUAGES,MASTER,LANGUES,0,1,0,1,0,1
15,430,26,BACKEND,MASTER,INFORMATIQUE,0,0,0,1,0,0
15,680,31,MANAGEMENT,LICENCE,DATA_SCIENCE,0,1,0,0,0,0
11,197,17,DATA,INGENIEUR,DATA_SCIENCE,0,1,1,1,0,1
11,387,39,BACKEND,LICENCE,INFORMATIQUE,1,1,1,1,1,1
6,181,26,MANAGEMENT,INGENIEUR,DATA_SCIENCE,1,0,1,0,0,0
2,835,27,DATA,INGENIEUR,LANGUES,0,0,0,1,0,0
12,589,41,LANGUAGES,INGENIEUR,INFORMATIQUE,1,0,0,0,1,0
8,269,27,LANGUAGES,LICENCE,LANGUES,1,1,1,0,0,1
6,260,23,MANAGEMENT,INGENIEUR,BUSINESS,0,1,1,1,1,1
6,896,8,OTHER,LICENCE,INFORMATIQUE,1,1,0,0,0,0
4,745,30,LANGUAGES,LICENCE,INFORMATIQUE,0,1,0,1,1,0
8,656,21,OTHER,LICENCE,INFORMATIQUE,1,0,1,1,0,0
13,232,25,DATA,INGENIEUR,LANGUES,0,1,0,0,0,0
6,481,26,DATA,LICENCE,DATA_SCIENCE,1,0,1,1,0,1
9,241,13,LANGUAGES,LICENCE,LANGUES,0,1,0,0,1,1
5,490,17,BACKEND,LICENCE,INFORMATIQUE,1,1,1,0,0,0
5,386,17,LANGUAGES,LICENCE,LANGUES,0,0,1,0,1,1
3,170,16,OTHER,INGENIEUR,DATA_SCIENCE,1,1,1,0,0,0
6,200,20,BACKEND,MASTER,INFORMATIQUE,1,1,0,0,1,1
5,356,29,DATA,INGENIEUR,DATA_SCIENCE,0,0,1,1,1,1
4,471,43,OTHER,MASTER,INFORMATIQUE,0,1,1,1,1,0
7,334,15,BACKEND,INGENIEUR,INFORMATIQUE,1,1,1,0,0,1
7,276,24,BACKEND,INGENIEUR,INFORMATIQUE,1,1,0,1,1,1
11,293,21,MANAGEMENT,MASTER,BUSINESS,1,0,0,0,1,1
9,248,26,DATA,INGENIEUR,DATA_SCIENCE,1,0,1,1,0,1
14,315,41,BACKEND,INGENIEUR,BUSINESS,0,0,1,0,1,0
4,276,13,MANAGEMENT,INGENIEUR,BUSINESS,0,1,1,0,1,1
11,160,43,OTHER,MASTER,DATA_SCIENCE,0,0,1,0,0,0
7,348,28,BACKEND,INGENIEUR,INFORMATIQUE,1,1,0,0,1,0
5,388,23,BACKEND,LICENCE,INFORMATIQUE,1,1,0,0,1,1
9,805,23,OTHER,MASTER,LANGUES,0,0,0,1,1,0
5,519,30,MANAGEMENT,INGENIEUR,BUSINESS,0,1,0,1,1,1
13,851,39,BACKEND,MASTER,BUSINESS,0,1,0,0,1,0
7,431,43,OTHER,INGENIEUR,INFORMATIQUE,1,1,1,1,1,0
5,343,29,BACKEND,MASTER,DATA_SCIENCE,0,1,0,0,1,0
3,363,20,BACKEND,LICENCE,INFORMATIQUE,1,1,1,1,1,1
4,358,28,BACKEND,MASTER,INFORMATIQUE,1,1,0,1,1,1
8,385,13,LANGUAGES,LICENCE,LANGUES,1,1,1,1,0,1
9,286,13,BACKEND,MASTER,INFORMATIQUE,1,1,0,0,1,1
15,494,35,OTHER,INGENIEUR,DATA_SCIENCE,0,0,0,1,0,0
8,456,18,DATA,MASTER,DATA_SCIENCE,1,0,1,1,1,1
9,727,40,LANGUAGES,INGENIEUR,LANGUES,1,1,0,0,1,1
6,454,22,BACKEND,MASTER,INFORMATIQUE,1,1,1,0,1,1
4,473,46,DATA,LICENCE,INFORMATIQUE,1,0,0,0,0,0
5,605,18,MANAGEMENT,INGENIEUR,BUSINESS,0,1,0,0,1,1
4,472,14,LANGUAGES,INGENIEUR,LANGUES,0,1,0,1,1,1
11,212,34,DATA,INGENIEUR,INFORMATIQUE,0,0,0,0,1,1
3,150,22,OTHER,INGENIEUR,DATA_SCIENCE,0,0,0,0,0,0
2,252,23,BACKEND,LICENCE,INFORMATIQUE,1,1,1,1,1,1
3,284,22,LANGUAGES,LICENCE,LANGUES,1,0,0,1,1,1
0,149,36,DATA,MASTER,LANGUES,1,1,0,0,1,0
3,368,22,BACKEND,INGENIEUR,INFORMATIQUE,1,1,1,1,1,1
10,461,19,LANGUAGES,MASTER,LANGUES,0,0,0,1,0,1
0,890,36,BACKEND,INGENIEUR,BUSINESS,1,1,0,0,0,0
8,346,20,DATA,MASTER,DATA_SCIENCE,0,0,1,1,0,1
9,647,12,DATA,MASTER,INFORMATIQUE,1,0,1,1,0,0
13,435,16,OTHER,LICENCE,INFORMATIQUE,1,0,1,1,0,0
1,551,32,BACKEND,MASTER,LANGUES,0,0,0,0,1,0
10,145,18,MANAGEMENT,LICENCE,BUSINESS,1,1,0,0,0,0
5,498,17,DATA,LICENCE,DATA_SCIENCE,1,1,1,1,1,1
2,396,8,LANGUAGES,LICENCE,INFORMATIQUE,1,0,1,0,0,0
1,580,35,OTHER,INGENIEUR,LANGUES,0,0,1,1,1,0
6,497,18,MANAGEMENT,MASTER,BUSINESS,0,1,0,1,1,1
8,607,33,DATA,LICENCE,BUSINESS,0,0,0,1,1,1
1,485,15,BACKEND,MASTER,BUSINESS,0,0,0,1,0,0
11,232,17,BACKEND,MASTER,INFORMATIQUE,1,1,1,1,1,1
2,203,24,MANAGEMENT,LICENCE,BUSINESS,0,0,1,1,1,1
1,835,32,LANGUAGES,MASTER,LANGUES,0,1,0,1,1,0
8,204,17,DATA,MASTER,DATA_SCIENCE,1,0,1,1,1,1
11,422,20,MANAGEMENT,MASTER,BUSINESS,0,1,0,1,1,1
9,701,48,MANAGEMENT,LICENCE,LANGUES,1,1,1,1,1,0
11,754,26,LANGUAGES,LICENCE,INFORMATIQUE,1,0,0,1,1,0
4,750,13,OTHER,LICENCE,DATA_SCIENCE,0,0,0,1,0,0
7,225,27,OTHER,INGENIEUR,LANGUES,1,1,1,1,1,1
12,633,19,LANGUAGES,LICENCE,LANGUES,0,1,0,0,0,1
5,548,40,MANAGEMENT,MASTER,LANGUES,1,0,1,0,1,0
11,509,14,MANAGEMENT,MASTER,BUSINESS,0,1,1,0,1,1
11,435,13,DATA,MASTER,DATA_SCIENCE,1,0,1,1,1,1
2,247,27,DATA,LICENCE,DATA_SCIENCE,1,1,1,1,1,1
9,467,26,BACKEND,INGENIEUR,LANGUES,1,0,0,1,1,0
3,184,30,BACKEND,MASTER,INFORMATIQUE,1,1,0,0,0,0
6,474,13,LANGUAGES,MASTER,LANGUES,1,1,1,1,0,1
3,494,30,LANGUAGES,INGENIEUR,LANGUES,0,1,1,0,1,1
11,306,29,BACKEND,INGENIEUR,INFORMATIQUE,1,1,1,1,1,1
3,296,44,MANAGEMENT,MASTER,LANGUES,1,1,0,1,1,0
6,194,14,LANGUAGES,MASTER,LANGUES,1,0,1,0,0,1
0,397,29,OTHER,LICENCE,INFORMATIQUE,0,0,1,1,0,0
8,159,25,MANAGEMENT,MASTER,BUSINESS,1,1,1,1,1,0
11,346,29,LANGUAGES,MASTER,LANGUES,1,0,0,0,0,1
3,520,45,DATA,LICENCE,BUSINESS,0,1,0,1,0,0
8,302,20,DATA,INGENIEUR,DATA_SCIENCE,1,0,1,1,1,1
5,502,26,DATA,MASTER,DATA_SCIENCE,0,1,1,1,1,1
10,329,44,MANAGEMENT,MASTER,INFORMATIQUE,1,1,1,1,0,0
9,718,26,LANGUAGES,LICENCE,LANGUES,0,1,1,0,1,1
4,482,26,LANGUAGES,MASTER,INFORMATIQUE,1,1,1,0,1,0
7,386,14,DATA,MASTER,DATA_SCIENCE,1,0,1,1,0,1
3,299,21,LANGUAGES,LICENCE,LANGUES,1,0,1,0,1,1
3,340,27,DATA,INGENIEUR,DATA_SCIENCE,0,0,1,1,0,0
8,372,22,LANGUAGES,INGENIEUR,LANGUES,1,0,1,1,1,1
7,312,21,DATA,LICENCE,DATA_SCIENCE,0,1,1,1,1,1
4,399,21,MANAGEMENT,LICENCE,DATA_SCIENCE,1,1,1,0,1,0
4,218,20,LANGUAGES,LICENCE,LANGUES,1,0,0,0,0,1
4,337,23,LANGUAGES,INGENIEUR,LANGUES,0,1,0,1,1,1
5,331,31,LANGUAGES,MASTER,LANGUES,1,1,0,1,1,1
0,900,13,OTHER,INGENIEUR,LANGUES,1,1,0,0,0,0
9,334,18,BACKEND,MASTER,INFORMATIQUE,1,1,0,0,1,1
9,656,28,BACKEND,LICENCE,INFORMATIQUE,1,0,1,0,1,1
10,308,15,LANGUAGES,MASTER,LANGUES,1,0,0,0,0,1
9,438,26,BACKEND,INGENIEUR,INFORMATIQUE,1,1,0,1,0,1
2,628,14,LANGUAGES,LICENCE,DATA_SCIENCE,1,1,1,0,1,0
5,472,44,LANGUAGES,LICENCE,BUSINESS,0,1,0,0,1,0
4,825,31,OTHER,INGENIEUR,LANGUES,0,0,0,1,0,0
11,297,18,LANGUAGES,MASTER,LANGUES,1,1,0,1,0,1
3,267,13,LANGUAGES,INGENIEUR,LANGUES,0,1,1,0,1,1
0,524,16,OTHER,LICENCE,BUSINESS,0,1,0,1,1,0
4,875,38,BACKEND,LICENCE,DATA_SCIENCE,1,0,0,0,1,0
5,322,23,DATA,LICENCE,DATA_SCIENCE,1,1,1,1,0,1
3,493,24,BACKEND,LICENCE,INFORMATIQUE,1,1,0,1,1,1
4,445,23,BACKEND,LICENCE,INFORMATIQUE,1,1,1,1,0,1
3,835,46,OTHER,INGENIEUR,INFORMATIQUE,0,0,1,1,0,0
10,548,37,OTHER,MASTER,INFORMATIQUE,0,1,0,1,1,0
10,191,19,BACKEND,LICENCE,INFORMATIQUE,1,1,1,0,1,1
7,767,25,OTHER,LICENCE,BUSINESS,1,0,1,1,0,0
5,286,15,MANAGEMENT,MASTER,BUSINESS,1,1,1,1,1,1
3,197,20,LANGUAGES,LICENCE,LANGUES,0,0,1,1,1,1
12,587,14,MANAGEMENT,LICENCE,DATA_SCIENCE,1,1,0,0,1,0
7,350,24,LANGUAGES,LICENCE,DATA_SCIENCE,0,1,0,1,1,0
8,898,21,OTHER,LICENCE,INFORMATIQUE,1,1,0,0,1,0
12,740,24,MANAGEMENT,INGENIEUR,DATA_SCIENCE,1,0,0,0,0,0
7,228,31,BACKEND,INGENIEUR,INFORMATIQUE,1,1,1,1,1,1
2,714,19,BACKEND,MASTER,BUSINESS,1,0,0,0,1,0
5,248,23,BACKEND,MASTER,INFORMATIQUE,1,1,0,0,0,1
8,188,29,DATA,MASTER,DATA_SCIENCE,0,1,1,1,1,1
8,136,48,MANAGEMENT,INGENIEUR,DATA_SCIENCE,1,0,0,0,1,0
15,460,31,MANAGEMENT,LICENCE,BUSINESS,0,0,1,0,0,0
15,406,15,BACKEND,INGENIEUR,DATA_SCIENCE,0,1,0,0,0,0
3,460,18,LANGUAGES,MASTER,LANGUES,1,0,1,0,0,1
10,265,10,DATA,LICENCE,BUSINESS,1,1,0,1,1,0
7,368,26,MANAGEMENT,MASTER,BUSINESS,1,1,0,1,1,1
3,235,15,DATA,INGENIEUR,DATA_SCIENCE,0,1,1,1,0,1
6,391,23,OTHER,MASTER,BUSINESS,0,0,0,1,0,0
3,290,22,BACKEND,LICENCE,INFORMATIQUE,1,1,1,0,1,1
11,450,22,LANGUAGES,INGENIEUR,LANGUES,1,1,0,0,1,1
4,390,27,OTHER,MASTER,INFORMATIQUE,0,1,0,0,0,0
5,838,12,OTHER,LICENCE,BUSINESS,1,0,1,0,1,0
15,527,37,LANGUAGES,INGENIEUR,BUSINESS,1,1,1,1,0,0
11,262,16,MANAGEMENT,INGENIEUR,BUSINESS,1,0,0,1,1,1
11,188,16,MANAGEMENT,INGENIEUR,BUSINESS,0,1,1,1,1,1
4,835,13,DATA,LICENCE,DATA_SCIENCE,1,1,0,0,0,0
7,330,17,OTHER,INGENIEUR,BUSINESS,1,0,0,1,0,0
8,378,27,OTHER,MASTER,INFORMATIQUE,0,0,1,0,1,0
3,419,27,MANAGEMENT,MASTER,BUSINESS,0,1,0,1,1,1
12,519,45,MANAGEMENT,LICENCE,LANGUES,0,0,0,0,0,0
10,237,17,LANGUAGES,LICENCE,LANGUES,0,1,0,1,1,1
11,254,15,DATA,INGENIEUR,BUSINESS,1,0,1,0,0,0
0,300,31,MANAGEMENT,MASTER,LANGUES,1,1,1,1,1,0
15,634,48,DATA,INGENIEUR,DATA_SCIENCE,0,1,0,1,0,1
5,510,21,MANAGEMENT,INGENIEUR,BUSINESS,1,1,0,0,1,1
15,638,14,LANGUAGES,LICENCE,DATA_SCIENCE,1,0,0,0,0,0
8,314,24,DATA,LICENCE,DATA_SCIENCE,0,1,1,1,1,1
5,437,28,DATA,MASTER,DATA_SCIENCE,0,0,1,1,0,0
4,680,26,MANAGEMENT,INGENIEUR,INFORMATIQUE,0,0,0,0,0,0
2,355,14,MANAGEMENT,INGENIEUR,BUSINESS,0,1,1,1,1,1
3,572,17,LANGUAGES,MASTER,BUSINESS,1,0,0,1,1,1
7,492,21,DATA,INGENIEUR,DATA_SCIENCE,1,1,1,1,1,1
4,284,27,LANGUAGES,LICENCE,LANGUES,1,1,1,1,1,1
1,574,13,DATA,MASTER,DATA_SCIENCE,1,0,1,0,1,1
3,123,20,DATA,LICENCE,LANGUES,1,0,1,1,1,0
2,504,26,DATA,INGENIEUR,DATA_SCIENCE,1,0,1,1,0,1
13,866,46,BACKEND,MASTER,BUSINESS,0,1,0,1,0,0
3,228,11,BACKEND,LICENCE,INFORMATIQUE,1,0,1,1,1,1
9,848,14,BACKEND,INGENIEUR,INFORMATIQUE,1,1,1,0,1,1
6,132,29,OTHER,INGENIEUR,DATA_SCIENCE,0,0,1,0,0,0
3,594,33,DATA,MASTER,LANGUES,0,0,1,1,0,1
10,213,17,DATA,INGENIEUR,DATA_SCIENCE,0,0,1,1,0,1
3,363,12,DATA,MASTER,DATA_SCIENCE,1,1,1,1,0,1
8,286,40,DATA,MASTER,INFORMATIQUE,1,1,0,1,0,0
9,625,24,OTHER,LICENCE,DATA_SCIENCE,0,1,0,1,1,0
5,441,28,DATA,INGENIEUR,DATA_SCIENCE,1,1,1,1,1,1
8,500,20,MANAGEMENT,INGENIEUR,BUSINESS,1,0,0,1,1,1
2,479,20,DATA,LICENCE,DATA_SCIENCE,1,1,1,1,0,1
10,760,19,BACKEND,LICENCE,LANGUES,1,1,1,0,0,0
6,125,48,MANAGEMENT,MASTER,LANGUES,1,1,0,1,1,0
4,434,26,LANGUAGES,MASTER,LANGUES,1,1,1,1,1,1
4,536,48,LANGUAGES,LICENCE,LANGUES,1,0,0,1,0,1
11,347,31,DATA,MASTER,DATA_SCIENCE,1,0,1,1,0,1
14,215,18,OTHER,LICENCE,BUSINESS,1,1,1,0,1,0
2,405,14,LANGUAGES,LICENCE,LANGUES,1,1,1,0,0,1
2,283,30,DATA,LICENCE,DATA_SCIENCE,1,1,1,1,0,1
10,386,9,OTHER,MASTER,BUSINESS,0,1,1,1,0,0
2,430,21,LANGUAGES,MASTER,LANGUES,1,0,1,0,1,1
11,837,40,DATA,LICENCE,BUSINESS,1,0,0,0,1,0
5,263,27,BACKEND,INGENIEUR,INFORMATIQUE,1,1,1,1,1,1
3,312,23,DATA,LICENCE,DATA_SCIENCE,1,0,1,1,0,1
9,546,40,MANAGEMENT,LICENCE,BUSINESS,0,0,1,1,1,1
5,359,15,MANAGEMENT,LICENCE,BUSINESS,0,1,1,0,1,1
11,490,12,DATA,INGENIEUR,DATA_SCIENCE,1,0,1,1,0,1
6,775,17,OTHER,MASTER,BUSINESS,0,1,0,1,1,0
15,219,44,MANAGEMENT,MASTER,LANGUES,1,1,1,0,1,0
5,834,13,LANGUAGES,INGENIEUR,INFORMATIQUE,0,1,1,1,1,0
3,487,48,DATA,LICENCE,LANGUES,0,0,0,0,0,0
13,294,45,DATA,LICENCE,DATA_SCIENCE,1,0,0,1,1,1
6,250,14,DATA,INGENIEUR,DATA_SCIENCE,0,0,1,1,0,1
3,249,33,DATA,MASTER,DATA_SCIENCE,1,0,0,1,0,1
4,265,26,LANGUAGES,MASTER,LANGUES,1,0,0,1,0,0
3,307,18,DATA,MASTER,DATA_SCIENCE,1,0,1,0,1,1
5,298,22,DATA,LICENCE,DATA_SCIENCE,1,1,1,1,0,1
10,331,12,LANGUAGES,MASTER,LANGUES,1,1,1,0,1,1
4,828,35,MANAGEMENT,INGENIEUR,DATA_SCIENCE,1,0,1,0,0,0
2,426,22,DATA,LICENCE,DATA_SCIENCE,1,0,1,1,1,1
1,484,48,BACKEND,MASTER,INFORMATIQUE,0,0,0,0,1,0
9,606,11,OTHER,INGENIEUR,BUSINESS,0,0,1,0,0,0
7,319,27,MANAGEMENT,INGENIEUR,BUSINESS,1,0,1,1,1,1
6,486,11,LANGUAGES,LICENCE,LANGUES,0,1,0,0,0,0
1,599,9,OTHER,MASTER,INFORMATIQUE,0,0,1,1,0,0
5,129,14,BACKEND,INGENIEUR,LANGUES,0,1,1,0,1,0
9,215,13,MANAGEMENT,INGENIEUR,BUSINESS,1,1,0,0,1,1
3,402,25,DATA,INGENIEUR,DATA_SCIENCE,0,0,1,1,1,1
2,330,23,LANGUAGES,MASTER,LANGUES,0,1,1,1,1,1
7,459,11,MANAGEMENT,INGENIEUR,LANGUES,0,0,0,0,1,0
11,420,41,MANAGEMENT,INGENIEUR,DATA_SCIENCE,1,1,0,1,0,0
8,355,27,DATA,MASTER,DATA_SCIENCE,0,0,1,1,0,1
10,194,13,LANGUAGES,LICENCE,LANGUES,0,0,1,0,1,1
11,313,23,BACKEND,INGENIEUR,INFORMATIQUE,1,1,1,0,1,1
4,424,24,LANGUAGES,INGENIEUR,LANGUES,0,1,0,1,0,1
15,636,27,MANAGEMENT,INGENIEUR,LANGUES,1,0,1,0,1,0
12,740,43,OTHER,MASTER,BUSINESS,0,0,1,0,0,0
11,608,37,DATA,LICENCE,LANGUES,0,1,0,1,1,0
15,305,17,OTHER,INGENIEUR,INFORMATIQUE,0,1,0,1,0,1
9,780,42,OTHER,MASTER,INFORMATIQUE,1,0,0,1,1,0
14,121,15,DATA,INGENIEUR,BUSINESS,0,0,1,0,0,0
15,526,35,BACKEND,INGENIEUR,INFORMATIQUE,1,0,1,1,0,1
4,293,10,OTHER,MASTER,BUSINESS,1,1,1,0,1,0
14,439,34,OTHER,INGENIEUR,INFORMATIQUE,0,0,0,0,1,0
10,302,8,OTHER,INGENIEUR,INFORMATIQUE,0,1,0,0,1,1
11,201,15,LANGUAGES,INGENIEUR,LANGUES,0,1,1,1,1,1
10,182,27,DATA,INGENIEUR,DATA_SCIENCE,1,0,1,1,1,1
11,336,46,LANGUAGES,INGENIEUR,BUSINESS,0,0,0,1,0,0
3,405,26,BACKEND,LICENCE,INFORMATIQUE,1,1,1,0,0,1
0,862,17,DATA,INGENIEUR,DATA_SCIENCE,1,1,1,1,1,0
9,429,23,LANGUAGES,MASTER,LANGUES,0,1,0,0,1,1
8,428,22,DATA,MASTER,DATA_SCIENCE,1,1,1,1,0,1
5,263,18,DATA,INGENIEUR,DATA_SCIENCE,0,0,1,1,0,1
7,506,31,LANGUAGES,MASTER,LANGUES,0,1,0,1,1,1
9,264,18,BACKEND,MASTER,INFORMATIQUE,1,1,1,1,1,1
3,452,21,DATA,MASTER,INFORMATIQUE,0,1,1,1,0,0
4,403,12,MANAGEMENT,MASTER,BUSINESS,1,1,0,1,1,1
11,498,38,MANAGEMENT,INGENIEUR,INFORMATIQUE,1,1,1,1,0,0
9,300,13,DATA,INGENIEUR,DATA_SCIENCE,1,0,1,1,0,1
2,338,16,LANGUAGES,MASTER,LANGUES,1,0,1,1,1,1
7,331,27,MANAGEMENT,INGENIEUR,BUSINESS,1,1,0,1,1,1
4,419,22,BACKEND,LICENCE,INFORMATIQUE,1,1,0,1,0,1
8,201,18,BACKEND,INGENIEUR,INFORMATIQUE,1,1,1,1,1,1
0,811,11,DATA,MASTER,LANGUES,1,1,0,0,1,0
6,494,22,DATA,INGENIEUR,DATA_SCIENCE,1,1,1,1,1,1
5,270,19,OTHER,MASTER,BUSINESS,0,1,0,0,0,0
7,180,24,MANAGEMENT,MASTER,BUSINESS,1,0,1,0,1,1
10,343,27,MANAGEMENT,INGENIEUR,BUSINESS,0,1,0,0,1,1
10,757,25,OTHER,INGENIEUR,INFORMATIQUE,0,0,0,1,0,0
7,709,24,BACKEND,INGENIEUR,LANGUES,0,1,1,1,0,0
13,644,41,LANGUAGES,INGENIEUR,DATA_SCIENCE,0,0,0,1,1,0
2,530,12,LANGUAGES,INGENIEUR,INFORMATIQUE,1,1,0,0,1,0
6,276,12,LANGUAGES,INGENIEUR,LANGUES,0,1,0,1,0,1
13,202,34,MANAGEMENT,LICENCE,LANGUES,0,0,1,0,0,0
8,318,20,MANAGEMENT,LICENCE,BUSINESS,1,0,1,1,1,1
3,190,29,BACKEND,INGENIEUR,INFORMATIQUE,1,1,1,0,0,1
9,491,23,BACKEND,LICENCE,LANGUES,1,0,1,1,1,0
5,327,22,DATA,INGENIEUR,DATA_SCIENCE,0,0,1,1,1,1
10,313,18,LANGUAGES,INGENIEUR,LANGUES,0,1,1,1,1,1
11,508,15,DATA,INGENIEUR,DATA_SCIENCE,1,1,1,1,1,1
8,170,40,MANAGEMENT,LICENCE,BUSINESS,0,0,1,0,0,0
5,855,12,MANAGEMENT,LICENCE,LANGUES,0,1,0,1,0,0
11,814,42,LANGUAGES,MASTER,LANGUES,0,1,1,1,1,1
7,328,42,MANAGEMENT,LICENCE,DATA_SCIENCE,1,0,0,0,0,0
4,313,30,LANGUAGES,LICENCE,LANGUES,0,0,0,1,1,1
11,357,17,BACKEND,LICENCE,INFORMATIQUE,1,1,0,0,0,1
10,180,17,MANAGEMENT,LICENCE,BUSINESS,0,1,0,0,1,1
11,234,37,OTHER,INGENIEUR,DATA_SCIENCE,0,0,0,1,1,0
14,525,41,MANAGEMENT,INGENIEUR,INFORMATIQUE,0,0,1,1,0,0
4,228,40,OTHER,INGENIEUR,INFORMATIQUE,1,0,1,0,1,0
3,359,28,BACKEND,LICENCE,INFORMATIQUE,1,1,0,0,1,1
10,483,30,MANAGEMENT,LICENCE,BUSINESS,1,0,1,0,1,1
1,633,21,OTHER,MASTER,LANGUES,1,1,0,1,0,0
11,226,23,LANGUAGES,INGENIEUR,LANGUES,0,1,1,1,0,1
0,634,12,LANGUAGES,LICENCE,DATA_SCIENCE,1,0,1,0,0,0
7,240,23,BACKEND,INGENIEUR,INFORMATIQUE,1,1,0,1,1,1
8,369,24,DATA,LICENCE,DATA_SCIENCE,1,0,1,1,0,1
7,869,32,LANGUAGES,INGENIEUR,BUSINESS,1,1,1,0,0,0
11,482,26,BACKEND,LICENCE,INFORMATIQUE,1,1,0,1,1,1
5,660,45,MANAGEMENT,LICENCE,LANGUES,0,1,1,0,1,0
9,231,29,MANAGEMENT,INGENIEUR,BUSINESS,0,1,1,1,1,1
0,871,16,LANGUAGES,MASTER,LANGUES,0,0,1,1,0,0
2,218,12,MANAGEMENT,INGENIEUR,BUSINESS,1,1,1,0,1,1
14,359,16,BACKEND,MASTER,INFORMATIQUE,0,1,0,1,0,1
6,404,31,MANAGEMENT,INGENIEUR,BUSINESS,0,1,0,0,1,1
10,287,14,MANAGEMENT,LICENCE,BUSINESS,1,0,1,1,1,1
5,432,22,LANGUAGES,INGENIEUR,LANGUES,1,0,1,1,1,1
14,673,39,DATA,INGENIEUR,LANGUES,1,0,1,1,0,0
11,387,19,MANAGEMENT,INGENIEUR,BUSINESS,0,1,1,0,1,1
12,180,32,DATA,MASTER,BUSINESS,0,1,1,0,0,0
12,792,43,OTHER,INGENIEUR,DATA_SCIENCE,0,0,0,1,0,0
7,362,12,BACKEND,MASTER,INFORMATIQUE,1,1,0,0,0,1
10,197,19,DATA,INGENIEUR,DATA_SCIENCE,1,1,1,1,1,1
11,674,40,MANAGEMENT,LICENCE,DATA_SCIENCE,1,1,1,0,1,0
7,409,17,BACKEND,MASTER,INFORMATIQUE,1,1,1,0,1,1
7,292,48,MANAGEMENT,INGENIEUR,INFORMATIQUE,0,1,1,0,0,0
9,486,15,BACKEND,LICENCE,INFORMATIQUE,1,1,1,0,0,1
15,174,18,LANGUAGES,LICENCE,BUSINESS,0,1,0,0,1,0
3,489,30,MANAGEMENT,MASTER,BUSINESS,0,0,0,1,1,1
2,321,21,MANAGEMENT,INGENIEUR,BUSINESS,0,0,0,1,1,1
0,296,22,LANGUAGES,INGENIEUR,DATA_SCIENCE,0,0,0,1,0,0
15,203,25,LANGUAGES,LICENCE,DATA_SCIENCE,0,1,1,1,1,0
7,483,18,LANGUAGES,INGENIEUR,LANGUES,0,0,1,1,1,0
13,313,38,MANAGEMENT,MASTER,DATA_SCIENCE,1,0,1,1,1,0
10,467,26,DATA,LICENCE,DATA_SCIENCE,0,0,1,1,0,1
10,395,33,BACKEND,LICENCE,DATA_SCIENCE,0,0,0,0,0,0
8,475,20,DATA,MASTER,BUSINESS,0,1,0,1,1,0
3,286,14,MANAGEMENT,MASTER,BUSINESS,0,1,1,1,1,1
3,447,24,BACKEND,LICENCE,INFORMATIQUE,1,1,0,0,0,1
15,444,20,MANAGEMENT,LICENCE,INFORMATIQUE,0,1,1,0,1,0
11,261,17,DATA,LICENCE,DATA_SCIENCE,0,0,1,1,1,1
2,140,47,DATA,INGENIEUR,INFORMATIQUE,1,1,0,1,1,0
8,348,29,BACKEND,LICENCE,INFORMATIQUE,1,1,0,0,0,1
15,251,26,OTHER,MASTER,DATA_SCIENCE,0,0,0,1,0,0
0,365,36,MANAGEMENT,INGENIEUR,BUSINESS,1,0,1,1,1,0
3,469,13,DATA,INGENIEUR,DATA_SCIENCE,0,0,1,1,0,0
10,435,24,LANGUAGES,INGENIEUR,LANGUES,1,0,0,0,1,0
8,154,34,DATA,INGENIEUR,BUSINESS,0,1,1,0,1,0
4,302,44,MANAGEMENT,LICENCE,DATA_SCIENCE,1,1,1,1,0,0
2,305,25,BACKEND,LICENCE,INFORMATIQUE,1,1,0,0,0,1
2,370,27,DATA,INGENIEUR,DATA_SCIENCE,1,1,1,1,1,1
10,622,15,LANGUAGES,INGENIEUR,INFORMATIQUE,1,0,1,0,1,0
3,440,19,DATA,MASTER,DATA_SCIENCE,1,0,1,1,0,1
4,408,13,MANAGEMENT,INGENIEUR,BUSINESS,1,0,1,1,1,1
6,525,19,DATA,INGENIEUR,BUSINESS,0,1,1,0,1,0
11,267,9,MANAGEMENT,MASTER,DATA_SCIENCE,1,1,0,1,0,0
13,132,22,MANAGEMENT,MASTER,DATA_SCIENCE,0,1,1,0,0,0
11,454,17,LANGUAGES,INGENIEUR,LANGUES,1,1,0,0,0,1
3,157,32,BACKEND,INGENIEUR,LANGUES,1,1,1,1,1,0
7,410,24,DATA,MASTER,DATA_SCIENCE,0,1,1,1,1,1
7,221,31,LANGUAGES,LICENCE,LANGUES,0,1,0,1,1,1
12,724,36,DATA,INGENIEUR,BUSINESS,0,1,0,1,0,0
9,202,21,LANGUAGES,LICENCE,LANGUES,1,0,1,0,0,1
10,223,26,LANGUAGES,MASTER,LANGUES,0,1,0,0,1,1
9,202,22,MANAGEMENT,MASTER,INFORMATIQUE,1,0,0,0,0,1
14,701,16,LANGUAGES,MASTER,DATA_SCIENCE,0,0,1,0,1,1
2,228,23,MANAGEMENT,MASTER,BUSINESS,1,0,0,1,1,1
13,277,44,MANAGEMENT,MASTER,LANGUES,1,0,1,1,0,0
8,122,18,BACKEND,MASTER,BUSINESS,1,0,1,1,0,0
8,754,40,LANGUAGES,LICENCE,DATA_SCIENCE,1,1,0,0,1,1
8,512,28,MANAGEMENT,LICENCE,BUSINESS,0,1,0,0,1,1
9,782,27,DATA,MASTER,DATA_SCIENCE,1,1,0,0,1,0
8,355,30,MANAGEMENT,MASTER,BUSINESS,0,1,1,0,1,1
14,699,17,DATA,MASTER,BUSINESS,0,0,0,1,0,0
13,278,39,MANAGEMENT,MASTER,BUSINESS,0,1,0,1,0,1
4,479,22,MANAGEMENT,INGENIEUR,BUSINESS,0,0,1,1,1,0
15,591,8,OTHER,LICENCE,INFORMATIQUE,1,0,1,0,0,0
10,346,8,BACKEND,LICENCE,INFORMATIQUE,1,1,1,1,1,1
3,306,16,BACKEND,INGENIEUR,INFORMATIQUE,1,1,1,0,0,1
10,873,29,DATA,MASTER,LANGUES,1,0,0,0,0,0
4,760,25,DATA,MASTER,INFORMATIQUE,0,0,0,1,0,0
5,365,19,MANAGEMENT,MASTER,BUSINESS,1,1,0,1,1,1
8,303,31,LANGUAGES,MASTER,LANGUES,0,0,0,0,0,1
6,545,23,DATA,INGENIEUR,LANGUES,0,0,0,0,1,0
13,140,18,BACKEND,LICENCE,BUSINESS,0,1,0,0,0,0
5,351,19,MANAGEMENT,LICENCE,BUSINESS,0,0,0,0,1,1
9,477,29,BACKEND,MASTER,INFORMATIQUE,0,0,0,0,0,0
8,225,31,BACKEND,INGENIEUR,INFORMATIQUE,1,1,0,1,1,0
2,603,18,OTHER,INGENIEUR,DATA_SCIENCE,1,0,0,0,0,0
11,499,12,BACKEND,LICENCE,INFORMATIQUE,1,1,0,1,0,1
13,336,10,DATA,LICENCE,LANGUES,1,1,0,1,1,0
7,774,34,LANGUAGES,LICENCE,INFORMATIQUE,0,0,0,0,0,0
9,443,19,OTHER,MASTER,BUSINESS,0,0,0,1,1,0
11,328,17,MANAGEMENT,LICENCE,BUSINESS,1,0,1,0,1,1
12,256,32,BACKEND,INGENIEUR,DATA_SCIENCE,1,1,0,0,0,0
4,467,28,DATA,INGENIEUR,DATA_SCIENCE,0,1,1,1,0,1
6,422,25,MANAGEMENT,LICENCE,BUSINESS,0,1,1,1,1,1
10,310,42,DATA,INGENIEUR,INFORMATIQUE,0,0,1,1,0,0
10,437,25,BACKEND,INGENIEUR,INFORMATIQUE,1,1,0,1,0,1
10,516,14,BACKEND,INGENIEUR,INFORMATIQUE,1,1,0,0,1,1
8,755,43,OTHER,INGENIEUR,DATA_SCIENCE,1,1,0,1,0,0
14,799,21,LANGUAGES,MASTER,LANGUES,1,0,1,1,0,1
0,206,24,OTHER,MASTER,INFORMATIQUE,0,0,1,1,0,0
2,181,16,LANGUAGES,INGENIEUR,LANGUES,0,1,1,1,1,1
1,894,19,BACKEND,MASTER,INFORMATIQUE,1,0,1,1,0,0
6,195,11,LANGUAGES,LICENCE,INFORMATIQUE,0,0,0,1,1,0
11,180,18,BACKEND,MASTER,INFORMATIQUE,1,1,0,1,0,1
10,354,18,MANAGEMENT,MASTER,BUSINESS,0,0,1,0,1,1
11,432,16,LANGUAGES,MASTER,LANGUES,0,0,1,0,1,1
6,203,15,DATA,INGENIEUR,DATA_SCIENCE,1,0,1,1,1,1
5,498,29,LANGUAGES,INGENIEUR,LANGUES,1,0,0,1,1,1
2,473,12,DATA,LICENCE,DATA_SCIENCE,1,0,1,1,0,1
10,243,22,LANGUAGES,LICENCE,LANGUES,1,0,1,0,1,1
2,329,26,DATA,LICENCE,DATA_SCIENCE,1,1,1,1,0,1
14,526,17,DATA,MASTER,LANGUES,1,0,1,0,0,0
10,439,18,LANGUAGES,MASTER,LANGUES,1,0,1,0,0,1
10,816,48,MANAGEMENT,MASTER,BUSINESS,1,0,1,1,1,1
3,503,16,MANAGEMENT,LICENCE,BUSINESS,1,0,0,1,1,1
8,205,27,DATA,INGENIEUR,DATA_SCIENCE,1,0,1,1,1,0
8,462,35,DATA,MASTER,INFORMATIQUE,1,0,1,1,1,0
10,199,18,MANAGEMENT,LICENCE,BUSINESS,0,0,1,0,1,1
11,459,14,MANAGEMENT,LICENCE,BUSINESS,1,1,1,0,1,1
11,625,32,LANGUAGES,MASTER,DATA_SCIENCE,1,1,0,1,0,0
6,188,21,BACKEND,LICENCE,INFORMATIQUE,1,1,0,0,0,1
10,365,20,LANGUAGES,MASTER,LANGUES,0,1,0,0,1,1
11,723,46,DATA,LICENCE,DATA_SCIENCE,0,0,0,1,0,1
11,409,27,DATA,MASTER,DATA_SCIENCE,0,0,1,1,1,1
2,515,20,DATA,INGENIEUR,DATA_SCIENCE,0,1,1,1,1,1
3,263,14,LANGUAGES,INGENIEUR,LANGUES,1,0,1,1,0,1
8,298,12,LANGUAGES,INGENIEUR,LANGUES,0,0,1,1,1,1
5,790,23,LANGUAGES,MASTER,DATA_SCIENCE,1,1,1,1,0,0
6,178,28,DATA,INGENIEUR,LANGUES,0,0,0,1,0,0
8,245,45,LANGUAGES,MASTER,BUSINESS,1,1,0,1,0,0
15,221,13,BACKEND,MASTER,BUSINESS,0,0,0,0,0,0
10,236,35,LANGUAGES,MASTER,BUSINESS,1,0,1,0,0,0
6,284,24,DATA,INGENIEUR,DATA_SCIENCE,0,0,1,1,1,1
14,645,15,OTHER,LICENCE,LANGUES,1,1,1,0,0,0
11,498,19,LANGUAGES,MASTER,LANGUES,1,0,1,0,0,1
11,256,20,MANAGEMENT,LICENCE,BUSINESS,0,0,0,0,1,1
4,343,9,MANAGEMENT,INGENIEUR,INFORMATIQUE,1,0,1,0,0,0
12,699,33,MANAGEMENT,MASTER,DATA_SCIENCE,1,1,1,1,0,0
14,179,9,OTHER,LICENCE,BUSINESS,0,1,1,0,0,1
3,715,13,DATA,INGENIEUR,LANGUES,1,1,0,1,1,0
10,284,30,MANAGEMENT,MASTER,BUSINESS,0,1,0,0,1,1
2,826,45,DATA,INGENIEUR,INFORMATIQUE,1,0,0,1,1,0
3,367,27,MANAGEMENT,LICENCE,BUSINESS,1,1,1,1,1,1
9,815,15,MANAGEMENT,MASTER,DATA_SCIENCE,1,1,1,0,1,0
13,489,8,DATA,MASTER,INFORMATIQUE,0,0,0,1,0,0
8,711,28,LANGUAGES,LICENCE,INFORMATIQUE,0,0,1,1,1,0
1,361,33,BACKEND,LICENCE,BUSINESS,1,1,0,0,1,0
11,388,20,BACKEND,MASTER,INFORMATIQUE,1,1,0,1,1,1
4,411,17,MANAGEMENT,INGENIEUR,BUSINESS,1,0,1,1,1,1
13,445,40,DATA,INGENIEUR,BUSINESS,1,0,0,1,0,0
5,427,30,MANAGEMENT,MASTER,BUSINESS,1,1,0,1,1,1
8,899,17,LANGUAGES,MASTER,LANGUES,0,0,0,1,1,1
11,356,22,LANGUAGES,MASTER,LANGUES,0,0,1,0,1,1
10,200,21,DATA,LICENCE,DATA_SCIENCE,1,0,1,1,1,0
13,844,15,MANAGEMENT,LICENCE,BUSINESS,1,0,0,0,1,1
3,258,21,MANAGEMENT,LICENCE,BUSINESS,0,0,1,0,1,1
8,407,14,MANAGEMENT,INGENIEUR,BUSINESS,1,1,1,0,1,1
8,428,43,DATA,LICENCE,BUSINESS,0,0,1,0,1,0
11,341,13,LANGUAGES,MASTER,LANGUES,0,1,1,0,0,1
0,801,37,DATA,MASTER,BUSINESS,0,0,0,1,0,1
3,268,18,MANAGEMENT,LICENCE,BUSINESS,1,0,0,0,1,1
7,239,11,DATA,INGENIEUR,BUSINESS,1,1,0,1,0,0
11,270,27,BACKEND,MASTER,INFORMATIQUE,1,1,0,0,0,1
2,328,22,LANGUAGES,MASTER,LANGUES,0,0,0,0,1,1
4,214,24,MANAGEMENT,LICENCE,BUSINESS,1,1,1,0,1,1
4,239,14,MANAGEMENT,LICENCE,BUSINESS,0,0,0,0,1,1
11,563,11,LANGUAGES,LICENCE,BUSINESS,0,0,0,0,0,0
8,412,38,LANGUAGES,INGENIEUR,BUSINESS,0,1,0,1,1,0
2,390,22,MANAGEMENT,MASTER,BUSINESS,0,0,1,0,1,1
10,754,14,BACKEND,MASTER,BUSINESS,0,1,1,0,1,0
11,237,28,DATA,INGENIEUR,DATA_SCIENCE,0,0,1,1,0,1
6,355,45,MANAGEMENT,INGENIEUR,LANGUES,0,0,1,0,1,0
7,339,14,LANGUAGES,INGENIEUR,LANGUES,0,0,1,1,0,1
4,725,43,MANAGEMENT,MASTER,LANGUES,1,0,1,0,0,0
1,415,9,OTHER,LICENCE,BUSINESS,0,1,0,1,1,0
13,787,44,MANAGEMENT,LICENCE,DATA_SCIENCE,1,1,1,0,0,1
3,226,30,LANGUAGES,INGENIEUR,LANGUES,1,0,1,0,1,1
8,383,13,DATA,MASTER,DATA_SCIENCE,1,0,1,1,1,1
6,152,22,DATA,LICENCE,BUSINESS,0,1,0,1,1,0
13,348,9,MANAGEMENT,INGENIEUR,DATA_SCIENCE,1,0,0,0,1,0
4,192,22,BACKEND,INGENIEUR,LANGUES,0,0,1,0,0,0
11,473,26,DATA,LICENCE,DATA_SCIENCE,1,1,1,1,0,1
5,266,21,DATA,INGENIEUR,BUSINESS,1,1,1,0,1,0
14,389,19,LANGUAGES,MASTER,DATA_SCIENCE,0,0,0,1,1,0
11,452,24,DATA,INGENIEUR,DATA_SCIENCE,0,0,1,1,1,1
9,456,14,DATA,MASTER,DATA_SCIENCE,1,0,1,1,1,1
10,277,48,OTHER,MASTER,BUSINESS,1,1,0,0,0,0
12,703,28,MANAGEMENT,INGENIEUR,LANGUES,0,1,1,1,1,0
2,314,40,DATA,LICENCE,DATA_SCIENCE,1,0,0,0,0,0
8,730,20,OTHER,INGENIEUR,BUSINESS,0,0,0,0,1,0
2,379,15,BACKEND,MASTER,INFORMATIQUE,1,1,0,0,1,1
0,557,46,OTHER,LICENCE,BUSINESS,0,0,0,0,0,0
10,624,37,BACKEND,LICENCE,INFORMATIQUE,1,0,1,0,0,1
11,500,28,OTHER,MASTER,LANGUES,0,0,0,1,1,0
6,509,23,DATA,INGENIEUR,DATA_SCIENCE,1,1,1,1,0,1
4,806,14,DATA,MASTER,INFORMATIQUE,0,0,0,1,0,0
10,435,16,MANAGEMENT,LICENCE,BUSINESS,0,1,0,1,1,1
3,858,31,OTHER,LICENCE,LANGUES,0,0,1,0,1,0
4,598,15,LANGUAGES,INGENIEUR,DATA_SCIENCE,0,1,0,0,1,0
13,329,43,LANGUAGES,MASTER,DATA_SCIENCE,1,1,1,0,1,0
13,624,14,LANGUAGES,INGENIEUR,BUSINESS,1,1,0,0,0,0
11,647,8,LANGUAGES,INGENIEUR,LANGUES,0,0,0,1,0,1
1,496,41,OTHER,MASTER,INFORMATIQUE,0,0,1,0,0,0
2,749,21,MANAGEMENT,MASTER,INFORMATIQUE,1,0,0,0,1,0
4,487,30,DATA,LICENCE,DATA_SCIENCE,0,1,1,1,0,1
6,307,29,LANGUAGES,MASTER,LANGUES,0,1,0,0,0,1
7,358,26,MANAGEMENT,INGENIEUR,BUSINESS,0,0,0,0,1,1
3,488,40,OTHER,MASTER,DATA_SCIENCE,0,0,0,1,0,0
7,395,29,DATA,MASTER,DATA_SCIENCE,0,0,1,1,1,1
10,582,29,DATA,LICENCE,BUSINESS,1,1,0,0,0,0
9,278,25,MANAGEMENT,MASTER,BUSINESS,0,1,1,1,1,1
7,331,13,DATA,MASTER,DATA_SCIENCE,1,0,1,1,0,1
7,294,21,MANAGEMENT,MASTER,BUSINESS,1,0,1,0,1,1
2,377,21,DATA,INGENIEUR,DATA_SCIENCE,0,1,1,1,0,1
9,208,18,BACKEND,LICENCE,INFORMATIQUE,1,1,0,0,0,1
7,270,19,MANAGEMENT,LICENCE,BUSINESS,0,1,0,1,1,1
11,388,31,BACKEND,LICENCE,INFORMATIQUE,1,1,1,0,1,1
7,502,15,LANGUAGES,LICENCE,LANGUES,0,0,1,0,0,1
11,486,23,LANGUAGES,MASTER,LANGUES,1,0,1,1,1,1
5,406,14,BACKEND,INGENIEUR,INFORMATIQUE,1,1,0,0,0,1
14,706,27,OTHER,INGENIEUR,LANGUES,1,1,1,0,1,0
5,181,42,LANGUAGES,INGENIEUR,LANGUES,1,1,0,0,1,1
10,288,31,MANAGEMENT,LICENCE,BUSINESS,1,0,0,1,1,1
11,277,15,LANGUAGES,LICENCE,LANGUES,0,1,1,1,0,0
7,291,18,OTHER,INGENIEUR,LANGUES,1,1,1,0,1,0
6,216,30,MANAGEMENT,INGENIEUR,BUSINESS,0,0,1,1,1,1
9,338,28,LANGUAGES,LICENCE,LANGUES,1,0,0,0,0,1
5,477,36,DATA,LICENCE,LANGUES,1,1,1,1,0,0
6,348,33,BACKEND,MASTER,BUSINESS,1,1,0,0,0,0
4,224,30,DATA,MASTER,LANGUES,1,1,0,1,1,1
11,473,25,DATA,MASTER,DATA_SCIENCE,1,0,0,0,0,0
6,529,44,MANAGEMENT,INGENIEUR,INFORMATIQUE,1,0,0,0,0,0
11,512,16,MANAGEMENT,INGENIEUR,BUSINESS,0,0,0,1,1,1
11,322,21,OTHER,INGENIEUR,LANGUES,0,1,1,0,1,0
4,472,27,DATA,MASTER,INFORMATIQUE,0,0,1,1,1,0
7,212,18,DATA,INGENIEUR,DATA_SCIENCE,0,1,1,1,1,1
3,272,29,LANGUAGES,LICENCE,LANGUES,0,1,1,0,1,1
6,496,18,MANAGEMENT,MASTER,BUSINESS,0,0,1,1,1,1
4,275,20,BACKEND,LICENCE,INFORMATIQUE,1,1,0,0,1,1
7,517,15,BACKEND,LICENCE,INFORMATIQUE,1,1,1,0,0,1
10,263,17,MANAGEMENT,LICENCE,BUSINESS,1,1,0,1,1,1
9,334,31,MANAGEMENT,MASTER,DATA_SCIENCE,0,1,1,0,0,0
13,280,9,DATA,MASTER,INFORMATIQUE,0,1,0,0,1,0
3,342,22,BACKEND,INGENIEUR,INFORMATIQUE,1,1,1,0,0,1
7,406,17,LANGUAGES,LICENCE,LANGUES,0,1,1,1,1,1
9,385,17,DATA,MASTER,DATA_SCIENCE,0,0,1,1,1,1
1,778,31,MANAGEMENT,MASTER,BUSINESS,0,0,1,1,1,0
7,369,26,OTHER,MASTER,DATA_SCIENCE,0,0,0,0,1,0
9,256,29,DATA,INGENIEUR,DATA_SCIENCE,1,0,1,1,0,1
11,881,17,DATA,INGENIEUR,DATA_SCIENCE,1,0,1,1,0,1
7,629,48,MANAGEMENT,LICENCE,DATA_SCIENCE,1,0,1,1,1,0
4,389,33,LANGUAGES,MASTER,BUSINESS,0,0,1,1,0,0
9,443,24,LANGUAGES,MASTER,LANGUES,1,0,0,0,1,1
8,496,28,OTHER,MASTER,LANGUES,1,1,0,1,1,0
1,768,19,OTHER,INGENIEUR,LANGUES,1,1,1,0,1,0
7,213,31,LANGUAGES,LICENCE,LANGUES,0,1,0,0,0,1
2,202,22,LANGUAGES,INGENIEUR,LANGUES,0,1,0,0,0,0
11,292,20,DATA,INGENIEUR,DATA_SCIENCE,0,1,1,1,1,1
7,804,9,OTHER,INGENIEUR,INFORMATIQUE,0,1,1,1,0,0
5,894,27,MANAGEMENT,INGENIEUR,LANGUES,1,0,0,0,0,0
8,264,27,DATA,MASTER,DATA_SCIENCE,0,0,1,1,1,1
1,282,30,OTHER,MASTER,LANGUES,1,0,0,0,1,1
10,593,28,OTHER,INGENIEUR,INFORMATIQUE,1,1,0,1,1,0
11,443,16,BACKEND,LICENCE,INFORMATIQUE,1,1,1,0,0,1
9,518,29,MANAGEMENT,INGENIEUR,BUSINESS,0,0,1,1,1,1
10,255,26,MANAGEMENT,LICENCE,BUSINESS,0,1,1,0,1,1
6,333,22,BACKEND,LICENCE,INFORMATIQUE,1,1,1,0,1,1
3,237,48,DATA,LICENCE,INFORMATIQUE,0,0,1,0,0,0
10,702,43,MANAGEMENT,LICENCE,INFORMATIQUE,0,0,1,0,0,0
4,459,13,DATA,INGENIEUR,DATA_SCIENCE,0,1,1,1,0,1
1,173,29,OTHER,MASTER,LANGUES,0,0,1,0,1,0
8,367,26,OTHER,MASTER,INFORMATIQUE,1,0,0,0,0,1
11,341,14,MANAGEMENT,INGENIEUR,BUSINESS,0,1,0,0,1,1
6,568,36,LANGUAGES,LICENCE,BUSINESS,1,1,0,1,1,0
11,492,30,BACKEND,MASTER,INFORMATIQUE,1,1,0,1,0,1
7,441,20,LANGUAGES,LICENCE,LANGUES,0,1,0,1,1,1
6,469,12,LANGUAGES,MASTER,LANGUES,1,1,1,0,0,1
11,223,18,MANAGEMENT,MASTER,BUSINESS,0,1,1,1,1,1
7,636,11,MANAGEMENT,MASTER,LANGUES,1,0,1,1,0,0
3,186,30,LANGUAGES,INGENIEUR,LANGUES,0,1,1,0,0,1
8,298,22,LANGUAGES,LICENCE,INFORMATIQUE,0,1,0,1,1,0
11,213,20,BACKEND,INGENIEUR,INFORMATIQUE,1,1,0,0,1,1
4,402,29,BACKEND,MASTER,INFORMATIQUE,1,1,0,0,1,1
7,564,47,DATA,INGENIEUR,LANGUES,0,1,1,0,0,0
2,835,38,MANAGEMENT,INGENIEUR,LANGUES,1,1,1,0,1,0
2,728,22,DATA,LICENCE,DATA_SCIENCE,1,1,0,0,0,0
7,402,13,LANGUAGES,MASTER,LANGUES,0,0,1,0,1,1
10,293,16,DATA,MASTER,DATA_SCIENCE,0,0,1,1,0,1
7,332,19,MANAGEMENT,INGENIEUR,BUSINESS,1,1,0,1,1,1
8,322,29,LANGUAGES,MASTER,LANGUES,1,1,0,1,1,1
2,161,23,LANGUAGES,MASTER,INFORMATIQUE,1,0,0,1,1,0
4,247,19,DATA,MASTER,DATA_SCIENCE,1,0,1,1,0,1
11,269,27,BACKEND,INGENIEUR,INFORMATIQUE,1,1,1,0,1,1
0,410,18,OTHER,INGENIEUR,INFORMATIQUE,1,0,0,1,0,0
3,292,25,BACKEND,INGENIEUR,INFORMATIQUE,1,1,1,0,1,1
2,689,12,BACKEND,MASTER,DATA_SCIENCE,0,0,0,0,0,0
2,635,25,MANAGEMENT,INGENIEUR,LANGUES,0,1,1,1,0,0
8,510,20,BACKEND,MASTER,INFORMATIQUE,1,1,0,1,0,1
7,739,30,DATA,LICENCE,DATA_SCIENCE,1,1,1,0,1,1
4,271,16,DATA,MASTER,DATA_SCIENCE,0,0,1,1,1,1
1,223,26,DATA,LICENCE,INFORMATIQUE,1,0,0,1,0,0
8,509,30,BACKEND,LICENCE,INFORMATIQUE,1,1,0,0,1,1
2,584,32,BACKEND,INGENIEUR,INFORMATIQUE,1,0,0,0,0,1
10,483,15,BACKEND,INGENIEUR,INFORMATIQUE,1,1,1,1,0,1
0,138,46,LANGUAGES,MASTER,INFORMATIQUE,1,0,1,1,0,0
4,295,13,DATA,INGENIEUR,DATA_SCIENCE,1,1,1,1,1,1
4,398,23,MANAGEMENT,MASTER,BUSINESS,1,1,0,0,1,1
6,419,24,DATA,INGENIEUR,DATA_SCIENCE,1,0,1,1,1,1
10,653,43,LANGUAGES,MASTER,DATA_SCIENCE,0,1,1,0,0,0
5,263,10,DATA,MASTER,BUSINESS,1,0,0,0,1,1
3,321,20,DATA,LICENCE,DATA_SCIENCE,0,1,1,1,1,1
11,334,19,MANAGEMENT,LICENCE,BUSINESS,0,1,1,0,1,1
4,709,16,BACKEND,MASTER,LANGUES,1,0,0,1,1,0
3,374,29,MANAGEMENT,LICENCE,BUSINESS,0,0,0,0,0,1
3,514,19,DATA,LICENCE,DATA_SCIENCE,0,1,1,1,0,1
0,551,22,BACKEND,LICENCE,LANGUES,0,1,1,1,1,0
7,361,19,OTHER,MASTER,LANGUES,0,0,1,0,0,0
11,259,30,DATA,LICENCE,DATA_SCIENCE,0,0,1,1,1,0
8,212,24,BACKEND,LICENCE,INFORMATIQUE,1,1,1,1,1,1
5,401,26,DATA,LICENCE,DATA_SCIENCE,0,0,1,1,1,0
13,794,25,OTHER,MASTER,INFORMATIQUE,0,1,0,0,1,0
3,432,25,LANGUAGES,MASTER,LANGUES,1,1,0,0,0,1
10,463,46,MANAGEMENT,LICENCE,INFORMATIQUE,0,0,0,1,1,0
9,213,16,MANAGEMENT,MASTER,BUSINESS,0,0,0,1,1,1
9,337,18,DATA,MASTER,DATA_SCIENCE,1,0,1,1,0,1
12,177,16,MANAGEMENT,INGENIEUR,LANGUES,0,1,0,0,1,0
2,191,31,LANGUAGES,LICENCE,LANGUES,1,1,1,1,1,0
3,522,43,OTHER,INGENIEUR,LANGUES,1,0,0,1,1,0
11,609,24,DATA,MASTER,LANGUES,0,0,0,1,1,0
15,738,22,LANGUAGES,INGENIEUR,DATA_SCIENCE,1,0,1,1,1,0
11,591,20,BACKEND,LICENCE,LANGUES,0,0,0,1,0,0
2,181,28,DATA,INGENIEUR,DATA_SCIENCE,0,0,1,1,1,1
7,385,21,MANAGEMENT,MASTER,BUSINESS,1,1,0,0,1,1
13,180,16,LANGUAGES,MASTER,BUSINESS,1,0,0,0,1,0
15,470,20,OTHER,INGENIEUR,INFORMATIQUE,0,1,1,0,1,0
8,245,26,BACKEND,LICENCE,INFORMATIQUE,1,1,1,0,0,1
9,216,13,DATA,INGENIEUR,DATA_SCIENCE,0,0,1,1,0,1
10,129,46,LANGUAGES,INGENIEUR,DATA_SCIENCE,0,0,0,0,0,0
7,830,46,LANGUAGES,LICENCE,DATA_SCIENCE,1,0,0,0,0,0
3,312,31,DATA,LICENCE,DATA_SCIENCE,0,0,1,1,1,1
9,472,19,MANAGEMENT,LICENCE,BUSINESS,1,1,0,0,1,1
8,364,31,LANGUAGES,MASTER,LANGUES,0,0,0,1,1,1
4,253,15,DATA,MASTER,DATA_SCIENCE,1,1,1,1,0,1
5,275,19,MANAGEMENT,LICENCE,BUSINESS,1,0,1,1,1,1
6,655,40,LANGUAGES,LICENCE,INFORMATIQUE,0,1,0,0,0,0
8,288,31,LANGUAGES,LICENCE,LANGUES,1,0,0,0,1,1
9,393,24,LANGUAGES,MASTER,LANGUES,1,1,1,0,1,1
8,484,24,BACKEND,LICENCE,INFORMATIQUE,1,1,0,1,1,1
15,133,13,BACKEND,LICENCE,INFORMATIQUE,1,1,1,1,1,1
6,318,20,LANGUAGES,LICENCE,LANGUES,0,1,0,1,1,1
9,519,13,BACKEND,MASTER,DATA_SCIENCE,0,1,1,1,0,0
11,439,16,LANGUAGES,MASTER,LANGUES,1,1,0,1,1,1
12,897,15,MANAGEMENT,LICENCE,DATA_SCIENCE,0,0,0,1,0,0
10,179,20,LANGUAGES,INGENIEUR,INFORMATIQUE,0,0,0,0,0,0
7,134,35,OTHER,LICENCE,DATA_SCIENCE,0,0,1,0,1,0
2,358,19,DATA,LICENCE,DATA_SCIENCE,0,1,1,1,0,1
7,481,14,DATA,INGENIEUR,DATA_SCIENCE,1,1,1,1,1,1
3,280,22,MANAGEMENT,MASTER,BUSINESS,0,0,0,0,1,1
9,207,26,MANAGEMENT,INGENIEUR,BUSINESS,0,1,1,1,1,1
11,409,39,LANGUAGES,INGENIEUR,LANGUES,1,0,0,0,0,1
9,351,22,BACKEND,MASTER,INFORMATIQUE,1,1,0,0,0,1
11,206,31,MANAGEMENT,MASTER,BUSINESS,0,0,1,0,1,1
9,845,36,DATA,MASTER,LANGUES,1,1,0,0,1,0
10,388,13,BACKEND,LICENCE,INFORMATIQUE,1,1,1,1,1,1
3,458,28,LANGUAGES,INGENIEUR,LANGUES,1,0,1,1,1,1
3,308,18,DATA,LICENCE,DATA_SCIENCE,0,0,1,1,0,1
14,637,32,MANAGEMENT,MASTER,BUSINESS,1,0,1,0,1,1
6,223,14,DATA,INGENIEUR,DATA_SCIENCE,1,1,1,1,0,1
3,232,20,LANGUAGES,INGENIEUR,LANGUES,1,0,1,0,0,1
13,491,14,OTHER,INGENIEUR,BUSINESS,1,0,1,1,1,0
3,275,16,DATA,MASTER,DATA_SCIENCE,1,0,1,1,0,1
9,292,16,MANAGEMENT,LICENCE,BUSINESS,1,0,1,0,1,1
5,350,25,LANGUAGES,MASTER,LANGUES,0,1,1,0,0,1
11,286,12,BACKEND,MASTER,INFORMATIQUE,1,1,0,1,0,1
11,480,12,LANGUAGES,MASTER,LANGUES,1,1,0,1,0,0
4,294,16,MANAGEMENT,INGENIEUR,BUSINESS,1,1,0,1,1,0
3,191,25,BACKEND,LICENCE,INFORMATIQUE,1,1,0,1,0,1
3,356,24,DATA,LICENCE,DATA_SCIENCE,0,1,1,1,0,1
9,460,20,LANGUAGES,LICENCE,LANGUES,0,1,0,1,1,1
0,603,23,DATA,INGENIEUR,INFORMATIQUE,0,1,1,0,1,0
9,424,19,DATA,MASTER,DATA_SCIENCE,0,0,1,1,0,1
6,527,37,BACKEND,LICENCE,LANGUES,0,1,1,1,0,0
12,332,45,LANGUAGES,INGENIEUR,DATA_SCIENCE,0,0,1,1,0,0
4,397,27,MANAGEMENT,MASTER,BUSINESS,1,1,1,0,1,1
7,321,13,LANGUAGES,MASTER,DATA_SCIENCE,1,0,1,0,1,0
8,853,38,MANAGEMENT,INGENIEUR,BUSINESS,0,1,1,0,0,0
0,281,35,BACKEND,INGENIEUR,INFORMATIQUE,1,0,0,1,0,1
5,455,22,LANGUAGES,LICENCE,LANGUES,1,1,1,1,1,1
4,294,21,BACKEND,LICENCE,INFORMATIQUE,1,1,1,1,0,1
10,476,16,DATA,LICENCE,DATA_SCIENCE,1,0,1,1,1,1
13,178,21,BACKEND,MASTER,DATA_SCIENCE,0,0,1,0,1,0
4,236,30,LANGUAGES,MASTER,LANGUES,1,1,0,0,1,1
5,499,31,BACKEND,MASTER,INFORMATIQUE,1,0,0,1,0,1
13,450,33,BACKEND,LICENCE,INFORMATIQUE,1,1,1,1,0,1
10,765,14,BACKEND,INGENIEUR,LANGUES,1,1,1,0,0,0
6,224,25,LANGUAGES,MASTER,LANGUES,0,0,1,0,0,1
12,477,9,MANAGEMENT,MASTER,DATA_SCIENCE,0,0,0,0,0,0
5,468,15,OTHER,INGENIEUR,DATA_SCIENCE,1,0,1,0,0,1
8,784,24,LANGUAGES,MASTER,INFORMATIQUE,1,0,1,0,1,0
6,794,46,BACKEND,MASTER,BUSINESS,0,1,1,0,0,0
5,432,30,LANGUAGES,LICENCE,LANGUES,0,0,0,1,0,1
11,476,31,BACKEND,MASTER,INFORMATIQUE,1,1,1,1,0,1
0,693,41,DATA,INGENIEUR,INFORMATIQUE,1,0,1,0,0,0
14,286,44,BACKEND,LICENCE,INFORMATIQUE,1,0,0,1,1,1
5,702,21,LANGUAGES,MASTER,BUSINESS,1,1,0,1,0,1
9,801,45,LANGUAGES,INGENIEUR,BUSINESS,1,1,0,0,0,0
2,263,23,LANGUAGES,INGENIEUR,LANGUES,0,0,1,1,1,1
11,725,44,DATA,INGENIEUR,BUSINESS,0,1,0,1,0,0
7,518,16,BACKEND,MASTER,INFORMATIQUE,1,1,1,0,0,1
6,341,14,BACKEND,LICENCE,INFORMATIQUE,1,1,1,0,1,1
3,393,38,OTHER,LICENCE,DATA_SCIENCE,1,0,0,0,0,0
3,238,14,LANGUAGES,MASTER,LANGUES,0,0,1,1,0,1
14,369,37,OTHER,LICENCE,INFORMATIQUE,1,0,1,1,1,0
7,441,29,OTHER,INGENIEUR,LANGUES,0,1,0,1,1,0
11,489,26,LANGUAGES,LICENCE,LANGUES,1,0,1,0,0,1
11,384,19,BACKEND,INGENIEUR,INFORMATIQUE,1,1,0,1,0,1
2,331,28,LANGUAGES,LICENCE,LANGUES,1,0,0,1,1,1
10,515,20,DATA,MASTER,DATA_SCIENCE,0,0,1,1,0,1
0,462,44,MANAGEMENT,LICENCE,LANGUES,0,1,0,0,1,0
6,829,15,MANAGEMENT,INGENIEUR,DATA_SCIENCE,1,1,0,1,1,0
7,363,28,LANGUAGES,LICENCE,LANGUES,1,0,0,0,1,1
11,662,34,OTHER,INGENIEUR,INFORMATIQUE,0,1,1,0,1,0
13,853,37,DATA,INGENIEUR,INFORMATIQUE,1,0,0,0,1,0
7,332,18,BACKEND,LICENCE,DATA_SCIENCE,1,1,0,0,0,0
10,322,16,BACKEND,MASTER,INFORMATIQUE,1,1,1,1,0,1
8,332,20,MANAGEMENT,LICENCE,BUSINESS,0,0,0,0,1,1
